{
    "LSTM_1_1": {
        "MSE": 175.57167053222656,
        "RMSE": 13.250346183776855,
        "MAE": 10.118956565856934,
        "MAPE": 7.93958306312561,
        "SMAPE": 7.789299637079239,
        "R-squared": 0.7893056571483612
    },
    "LSTM_1_3": {
        "MSE": 202.35765075683594,
        "RMSE": 14.225247383117676,
        "MAE": 10.985481262207031,
        "MAPE": 8.470451086759567,
        "SMAPE": 8.459651470184326,
        "R-squared": 0.7607597857713699
    },
    "LSTM_1_20": {
        "MSE": 266.22149658203125,
        "RMSE": 16.316295623779297,
        "MAE": 12.735261917114258,
        "MAPE": 9.62941125035286,
        "SMAPE": 9.680208563804626,
        "R-squared": 0.6790827512741089
    },
    "LSTM_1_5": {
        "MSE": 213.5318145751953,
        "RMSE": 14.612728118896484,
        "MAE": 11.300458908081055,
        "MAPE": 8.63819420337677,
        "SMAPE": 8.667754381895065,
        "R-squared": 0.7445616126060486
    },
    "LSTM_1_10": {
        "MSE": 241.5364227294922,
        "RMSE": 15.541441917419434,
        "MAE": 12.066651344299316,
        "MAPE": 9.121894836425781,
        "SMAPE": 9.223199635744095,
        "R-squared": 0.7094391584396362
    },
    "LSTM_3_1": {
        "MSE": 230.10055541992188,
        "RMSE": 15.169065475463867,
        "MAE": 11.791081428527832,
        "MAPE": 8.779901266098022,
        "SMAPE": 8.976822346448898,
        "R-squared": 0.7238683998584747
    },
    "LSTM_3_3": {
        "MSE": 220.06068420410156,
        "RMSE": 14.834442138671875,
        "MAE": 11.433123588562012,
        "MAPE": 8.805575221776962,
        "SMAPE": 8.820335566997528,
        "R-squared": 0.7398301362991333
    },
    "LSTM_3_5": {
        "MSE": 232.43707275390625,
        "RMSE": 15.24588680267334,
        "MAE": 11.836444854736328,
        "MAPE": 8.971979469060898,
        "SMAPE": 9.06318798661232,
        "R-squared": 0.721946120262146
    },
    "LSTM_3_10": {
        "MSE": 252.82913208007812,
        "RMSE": 15.900601387023926,
        "MAE": 12.321016311645508,
        "MAPE": 9.300872683525085,
        "SMAPE": 9.42549854516983,
        "R-squared": 0.6958543956279755
    },
    "LSTM_3_20": {
        "MSE": 414.0849914550781,
        "RMSE": 20.349079132080078,
        "MAE": 16.348735809326172,
        "MAPE": 11.721761524677277,
        "SMAPE": 12.40745410323143,
        "R-squared": 0.5008403956890106
    },
    "LSTM_5_1": {
        "MSE": 280.58087158203125,
        "RMSE": 16.75054931640625,
        "MAE": 12.876550674438477,
        "MAPE": 9.643249213695526,
        "SMAPE": 9.821276366710663,
        "R-squared": 0.6632896065711975
    },
    "LSTM_5_3": {
        "MSE": 252.90325927734375,
        "RMSE": 15.902932167053223,
        "MAE": 12.289612770080566,
        "MAPE": 9.353744238615036,
        "SMAPE": 9.46003794670105,
        "R-squared": 0.7010015249252319
    },
    "LSTM_5_5": {
        "MSE": 373.2103576660156,
        "RMSE": 19.318653106689453,
        "MAE": 15.122593879699707,
        "MAPE": 11.030750721693039,
        "SMAPE": 11.568142473697662,
        "R-squared": 0.5535454452037811
    },
    "LSTM_5_10": {
        "MSE": 324.42730712890625,
        "RMSE": 18.011865615844727,
        "MAE": 14.310074806213379,
        "MAPE": 10.426442325115204,
        "SMAPE": 10.911473631858826,
        "R-squared": 0.6097240149974823
    },
    "LSTM_5_20": {
        "MSE": 408.45831298828125,
        "RMSE": 20.210351943969727,
        "MAE": 16.164796829223633,
        "MAPE": 11.549431085586548,
        "SMAPE": 12.202515453100204,
        "R-squared": 0.5076230764389038
    },
    "LSTM_10_1": {
        "MSE": 292.3000793457031,
        "RMSE": 17.096786499023438,
        "MAE": 13.594810485839844,
        "MAPE": 9.84722301363945,
        "SMAPE": 10.220097005367279,
        "R-squared": 0.6492260098457336
    },
    "LSTM_10_3": {
        "MSE": 214.38626098632812,
        "RMSE": 14.641935348510742,
        "MAE": 11.339503288269043,
        "MAPE": 8.743934333324432,
        "SMAPE": 8.729127794504166,
        "R-squared": 0.7465387880802155
    },
    "LSTM_10_5": {
        "MSE": 310.5599670410156,
        "RMSE": 17.622711181640625,
        "MAE": 13.781278610229492,
        "MAPE": 10.215255618095398,
        "SMAPE": 10.5066679418087,
        "R-squared": 0.6284912526607513
    },
    "LSTM_10_10": {
        "MSE": 377.8646545410156,
        "RMSE": 19.43874168395996,
        "MAE": 15.672667503356934,
        "MAPE": 11.280036717653275,
        "SMAPE": 11.956461519002914,
        "R-squared": 0.5454405248165131
    },
    "LSTM_10_20": {
        "MSE": 346.26806640625,
        "RMSE": 18.608280181884766,
        "MAE": 14.677861213684082,
        "MAPE": 10.861630737781525,
        "SMAPE": 11.197132617235184,
        "R-squared": 0.5825904607772827
    },
    "LSTM_20_1": {
        "MSE": 212.358154296875,
        "RMSE": 14.572513580322266,
        "MAE": 11.296058654785156,
        "MAPE": 8.725808560848236,
        "SMAPE": 8.662165701389313,
        "R-squared": 0.7451601326465607
    },
    "LSTM_20_3": {
        "MSE": 279.09912109375,
        "RMSE": 16.706260681152344,
        "MAE": 13.027580261230469,
        "MAPE": 9.8307304084301,
        "SMAPE": 10.017795115709305,
        "R-squared": 0.6700311005115509
    },
    "LSTM_20_5": {
        "MSE": 332.8694152832031,
        "RMSE": 18.244709014892578,
        "MAE": 14.531169891357422,
        "MAPE": 10.64949855208397,
        "SMAPE": 11.073262989521027,
        "R-squared": 0.6018034517765045
    },
    "LSTM_20_10": {
        "MSE": 306.5453796386719,
        "RMSE": 17.508438110351562,
        "MAE": 13.743182182312012,
        "MAPE": 10.278970003128052,
        "SMAPE": 10.52774116396904,
        "R-squared": 0.6312354207038879
    },
    "LSTM_20_20": {
        "MSE": 369.0096740722656,
        "RMSE": 19.209625244140625,
        "MAE": 15.214832305908203,
        "MAPE": 11.264345049858093,
        "SMAPE": 11.688783764839172,
        "R-squared": 0.5551765263080597
    }
}