{
    "LSTM_1_1": {
        "MSE": 175.57167053222656,
        "RMSE": 13.250346183776855,
        "MAE": 10.118956565856934,
        "MAPE": 13458.680725097656,
        "SMAPE": 7.789299637079239,
        "R-squared": 0.7893056571483612
    },
    "LSTM_1_3": {
        "MSE": 202.35765075683594,
        "RMSE": 14.225247383117676,
        "MAE": 10.985481262207031,
        "MAPE": 13420.634460449219,
        "SMAPE": 8.459651470184326,
        "R-squared": 0.7607597857713699
    },
    "LSTM_1_20": {
        "MSE": 266.22149658203125,
        "RMSE": 16.316295623779297,
        "MAE": 12.735261917114258,
        "MAPE": 13477.618408203125,
        "SMAPE": 9.680208563804626,
        "R-squared": 0.6790827512741089
    },
    "LSTM_1_5": {
        "MSE": 213.5318145751953,
        "RMSE": 14.612728118896484,
        "MAE": 11.300458908081055,
        "MAPE": 13472.842407226562,
        "SMAPE": 8.667754381895065,
        "R-squared": 0.7445616126060486
    },
    "LSTM_1_10": {
        "MSE": 241.5364227294922,
        "RMSE": 15.541441917419434,
        "MAE": 12.066651344299316,
        "MAPE": 13484.608459472656,
        "SMAPE": 9.223199635744095,
        "R-squared": 0.7094391584396362
    },
    "LSTM_3_1": {
        "MSE": 339.7332458496094,
        "RMSE": 18.431854248046875,
        "MAE": 14.412972450256348,
        "MAPE": 13465.496826171875,
        "SMAPE": 10.858339071273804,
        "R-squared": 0.5923039615154266
    },
    "LSTM_3_3": {
        "MSE": 220.06068420410156,
        "RMSE": 14.834442138671875,
        "MAE": 11.433123588562012,
        "MAPE": 13420.928955078125,
        "SMAPE": 8.820335566997528,
        "R-squared": 0.7398301362991333
    },
    "LSTM_3_5": {
        "MSE": 232.43707275390625,
        "RMSE": 15.24588680267334,
        "MAE": 11.836444854736328,
        "MAPE": 13473.649597167969,
        "SMAPE": 9.06318798661232,
        "R-squared": 0.721946120262146
    },
    "LSTM_3_10": {
        "MSE": 252.82913208007812,
        "RMSE": 15.900601387023926,
        "MAE": 12.321016311645508,
        "MAPE": 13484.783935546875,
        "SMAPE": 9.42549854516983,
        "R-squared": 0.6958543956279755
    },
    "LSTM_3_20": {
        "MSE": 422.99871826171875,
        "RMSE": 20.566932678222656,
        "MAE": 16.170120239257812,
        "MAPE": 13481.629943847656,
        "SMAPE": 12.339378893375397,
        "R-squared": 0.490095317363739
    },
    "LSTM_5_1": {
        "MSE": 703.1868286132812,
        "RMSE": 26.517669677734375,
        "MAE": 22.338932037353516,
        "MAPE": 13473.6328125,
        "SMAPE": 17.179059982299805,
        "R-squared": 0.15614241361618042
    },
    "LSTM_5_3": {
        "MSE": 417.6178894042969,
        "RMSE": 20.435701370239258,
        "MAE": 16.334068298339844,
        "MAPE": 13428.181457519531,
        "SMAPE": 12.54691481590271,
        "R-squared": 0.5062653124332428
    },
    "LSTM_5_5": {
        "MSE": 324.062744140625,
        "RMSE": 18.00174331665039,
        "MAE": 14.355463981628418,
        "MAPE": 13477.995300292969,
        "SMAPE": 10.906236618757248,
        "R-squared": 0.6123384833335876
    },
    "LSTM_5_10": {
        "MSE": 473.7311706542969,
        "RMSE": 21.765365600585938,
        "MAE": 17.430423736572266,
        "MAPE": 13490.53955078125,
        "SMAPE": 13.251306116580963,
        "R-squared": 0.43011611700057983
    },
    "LSTM_5_20": {
        "MSE": 515.2418212890625,
        "RMSE": 22.698938369750977,
        "MAE": 18.308195114135742,
        "MAPE": 13484.762573242188,
        "SMAPE": 13.973967730998993,
        "R-squared": 0.3789006471633911
    },
    "LSTM_10_1": {
        "MSE": 292.3000793457031,
        "RMSE": 17.096786499023438,
        "MAE": 13.594810485839844,
        "MAPE": 13464.962768554688,
        "SMAPE": 10.220097005367279,
        "R-squared": 0.6492260098457336
    },
    "LSTM_10_3": {
        "MSE": 214.38626098632812,
        "RMSE": 14.641935348510742,
        "MAE": 11.339503288269043,
        "MAPE": 13420.71533203125,
        "SMAPE": 8.729127794504166,
        "R-squared": 0.7465387880802155
    },
    "LSTM_10_5": {
        "MSE": 310.5599670410156,
        "RMSE": 17.622711181640625,
        "MAE": 13.781278610229492,
        "MAPE": 13475.810241699219,
        "SMAPE": 10.5066679418087,
        "R-squared": 0.6284912526607513
    },
    "LSTM_10_10": {
        "MSE": 377.8646545410156,
        "RMSE": 19.43874168395996,
        "MAE": 15.672667503356934,
        "MAPE": 13490.205383300781,
        "SMAPE": 11.956461519002914,
        "R-squared": 0.5454405248165131
    },
    "LSTM_10_20": {
        "MSE": 346.26806640625,
        "RMSE": 18.608280181884766,
        "MAE": 14.677861213684082,
        "MAPE": 13480.462646484375,
        "SMAPE": 11.197132617235184,
        "R-squared": 0.5825904607772827
    },
    "LSTM_20_1": {
        "MSE": 212.358154296875,
        "RMSE": 14.572513580322266,
        "MAE": 11.296058654785156,
        "MAPE": 13460.160827636719,
        "SMAPE": 8.662165701389313,
        "R-squared": 0.7451601326465607
    },
    "LSTM_20_3": {
        "MSE": 279.09912109375,
        "RMSE": 16.706260681152344,
        "MAE": 13.027580261230469,
        "MAPE": 13423.150634765625,
        "SMAPE": 10.017795115709305,
        "R-squared": 0.6700311005115509
    },
    "LSTM_20_5": {
        "MSE": 332.8694152832031,
        "RMSE": 18.244709014892578,
        "MAE": 14.531169891357422,
        "MAPE": 13477.249145507812,
        "SMAPE": 11.073262989521027,
        "R-squared": 0.6018034517765045
    },
    "LSTM_20_10": {
        "MSE": 306.5453796386719,
        "RMSE": 17.508438110351562,
        "MAE": 13.743182182312012,
        "MAPE": 13486.370849609375,
        "SMAPE": 10.52774116396904,
        "R-squared": 0.6312354207038879
    },
    "LSTM_20_20": {
        "MSE": 369.0096740722656,
        "RMSE": 19.209625244140625,
        "MAE": 15.214832305908203,
        "MAPE": 13481.124877929688,
        "SMAPE": 11.688783764839172,
        "R-squared": 0.5551765263080597
    }
}